season,team_abbr,gp,w,l,otl,pts,pts_pct,gf,ga,gd
1918,MTL,22,13,9,0,26,0.591,115,84,31
1919,MTL,18,10,8,0,20,0.556,88,78,10
1920,MTL,24,13,11,0,26,0.542,129,113,16
1921,HAM,24,6,18,0,12,0.25,92,132,-40
1921,MTL,24,13,11,0,26,0.542,112,99,13
1922,HAM,24,7,17,0,14,0.292,88,105,-17
1922,MTL,24,12,11,0,25,0.521,88,94,-6
1923,HAM,24,6,18,0,12,0.25,81,110,-29
1923,MTL,24,13,9,0,28,0.583,73,61,12
1924,HAM,24,9,15,0,18,0.375,63,68,-5
1924,MTL,24,13,11,0,26,0.542,59,48,11
1925,BOS,30,6,24,0,12,0.2,49,119,-70
1925,HAM,30,19,10,0,39,0.65,90,60,30
1925,MMR,30,9,19,0,20,0.333,45,65,-20
1925,MTL,30,17,11,0,36,0.6,93,56,37
1926,BOS,36,17,15,0,38,0.528,92,85,7
1926,MMR,36,20,11,0,45,0.625,91,73,18
1926,MTL,36,11,24,0,23,0.319,79,108,-29
1926,NYA,36,12,20,0,28,0.389,68,89,-21
1927,BOS,44,21,20,0,45,0.511,97,89,8
1927,CHI,44,19,22,0,41,0.466,115,116,-1
1927,DCG,44,12,28,0,28,0.318,76,105,-29
1927,MMR,44,20,20,0,44,0.5,71,68,3
1927,MTL,44,28,14,0,58,0.659,99,67,32
1927,NYA,44,17,25,0,36,0.409,82,91,-9
1927,NYR,44,25,13,0,56,0.636,95,72,23
1928,BOS,44,20,13,0,51,0.58,77,70,7
1928,CHI,44,7,34,0,17,0.193,68,134,-66
1928,DCG,44,19,19,0,44,0.5,88,79,9
1928,MMR,44,24,14,0,54,0.614,96,77,19
1928,MTL,44,26,11,0,59,0.67,116,48,68
1928,NYA,44,11,27,0,28,0.318,63,128,-65
1928,NYR,44,19,16,0,47,0.534,94,79,15
1928,TOR,44,18,18,0,44,0.5,89,88,1
1929,BOS,44,26,13,0,57,0.648,89,52,37
1929,CHI,44,7,29,0,22,0.25,33,85,-52
1929,DCG,44,19,16,0,47,0.534,72,63,9
1929,MMR,44,15,20,0,39,0.443,67,65,2
1929,MTL,44,22,7,0,59,0.67,71,43,28
1929,NYA,44,19,13,0,50,0.568,53,53,0
1929,NYR,44,21,13,0,52,0.591,72,65,7
1929,TOR,44,21,18,0,47,0.534,85,69,16
1930,BOS,44,38,5,0,77,0.875,179,98,81
1930,CHI,44,21,18,0,47,0.534,117,111,6
1930,DCG,44,14,24,0,34,0.386,117,133,-16
1930,MMR,44,23,16,0,51,0.58,141,114,27
1930,MTL,44,21,14,0,51,0.58,142,114,28
1930,NYA,44,14,25,0,33,0.375,113,161,-48
1930,NYR,44,17,17,0,44,0.5,136,143,-7
1930,TOR,44,17,21,0,40,0.455,116,124,-8
1931,BOS,44,28,10,0,62,0.705,143,90,53
1931,CHI,44,24,17,0,51,0.58,108,78,30
1931,DFL,44,16,21,0,39,0.443,102,105,-3
1931,MMR,44,20,18,0,46,0.523,105,106,-1
1931,MTL,44,26,10,0,60,0.682,129,89,40
1931,NYA,44,18,16,0,46,0.523,76,74,2
1931,NYR,44,19,16,0,47,0.534,106,87,19
1931,TOR,44,22,13,0,53,0.602,118,99,19
1932,BOS,48,15,21,0,42,0.438,122,117,5
1932,CHI,48,18,19,0,47,0.49,86,101,-15
1932,DFL,48,18,20,0,46,0.479,95,108,-13
1932,MMR,48,19,22,0,45,0.469,142,139,3
1932,MTL,48,25,16,0,57,0.594,128,111,17
1932,NYA,48,16,24,0,40,0.417,95,142,-47
1932,NYR,48,23,17,0,54,0.562,134,112,22
1932,TOR,48,23,18,0,53,0.552,155,127,28
1933,BOS,48,25,15,0,58,0.604,124,88,36
1933,CHI,48,16,20,0,44,0.458,88,101,-13
1933,DET,48,25,15,0,58,0.604,111,93,18
1933,MMR,48,22,20,0,50,0.521,135,119,16
1933,MTL,48,18,25,0,41,0.427,92,115,-23
1933,NYA,48,15,22,0,41,0.427,91,118,-27
1933,NYR,48,23,17,0,54,0.562,135,107,28
1933,TOR,48,24,18,0,54,0.562,119,111,8
1934,BOS,48,18,25,0,41,0.427,111,130,-19
1934,CHI,48,20,17,0,51,0.531,88,83,5
1934,DET,48,24,14,0,58,0.604,113,98,15
1934,MMR,48,19,18,0,49,0.51,117,122,-5
1934,MTL,48,22,20,0,50,0.521,99,101,-2
1934,NYA,48,15,23,0,40,0.417,104,132,-28
1934,NYR,48,21,19,0,50,0.521,120,113,7
1934,TOR,48,26,13,0,61,0.635,174,119,55
1935,BOS,48,26,16,0,58,0.604,129,112,17
1935,CHI,48,26,17,0,57,0.594,118,88,30
1935,DET,48,19,22,0,45,0.469,127,114,13
1935,MMR,48,24,19,0,53,0.552,123,92,31
1935,MTL,48,19,23,0,44,0.458,110,145,-35
1935,NYA,48,12,27,0,33,0.344,100,142,-42
1935,NYR,48,22,20,0,50,0.521,137,139,-2
1935,TOR,48,30,14,0,64,0.667,157,111,46
1936,BOS,48,22,20,0,50,0.521,92,83,9
1936,CHI,48,21,19,0,50,0.521,93,92,1
1936,DET,48,24,16,0,56,0.583,124,103,21
1936,MMR,48,22,16,0,54,0.562,114,106,8
1936,MTL,48,11,26,0,33,0.344,82,123,-41
1936,NYA,48,16,25,0,39,0.406,109,122,-13
1936,NYR,48,19,17,0,50,0.521,91,96,-5
1936,TOR,48,23,19,0,52,0.542,126,106,20
1937,BOS,48,23,18,0,53,0.552,120,110,10
1937,CHI,48,14,27,0,35,0.365,99,131,-32
1937,DET,48,25,14,0,59,0.615,128,102,26
1937,MMR,48,22,17,0,53,0.552,126,110,16
1937,MTL,48,24,18,0,54,0.562,115,111,4
1937,NYA,48,15,29,0,34,0.354,122,161,-39
1937,NYR,48,19,20,0,47,0.49,117,106,11
1937,TOR,48,22,21,0,49,0.51,119,115,4
1938,BOS,48,30,11,0,67,0.698,142,89,53
1938,CHI,48,14,25,0,37,0.385,97,139,-42
1938,DET,48,12,25,0,35,0.365,99,133,-34
1938,MMR,48,12,30,0,30,0.312,101,149,-48
1938,MTL,48,18,17,0,49,0.51,123,128,-5
1938,NYA,48,19,18,0,49,0.51,110,111,-1
1938,NYR,48,27,15,0,60,0.625,149,96,53
1938,TOR,48,24,15,0,57,0.594,151,127,24
1939,BOS,48,36,10,0,74,0.771,156,76,80
1939,CHI,48,12,28,0,32,0.333,91,132,-41
1939,DET,48,18,24,0,42,0.438,107,128,-21
1939,MTL,48,15,24,0,39,0.406,115,146,-31
1939,NYA,48,17,21,0,44,0.458,119,157,-38
1939,NYR,48,26,16,0,58,0.604,149,105,44
1939,TOR,48,19,20,0,47,0.49,114,107,7
1940,BOS,48,31,12,0,67,0.698,170,98,72
1940,CHI,48,23,19,0,52,0.542,112,120,-8
1940,DET,48,16,26,0,38,0.396,90,126,-36
1940,MTL,48,10,33,0,25,0.26,90,167,-77
1940,NYA,48,15,29,0,34,0.354,106,140,-34
1940,NYR,48,27,11,0,64,0.667,136,77,59
1940,TOR,48,25,17,0,56,0.583,134,110,24
1941,BOS,48,27,8,0,67,0.698,168,102,66
1941,CHI,48,16,25,0,39,0.406,112,139,-27
1941,DET,48,21,16,0,53,0.552,112,102,10
1941,MTL,48,16,26,0,38,0.396,121,147,-26
1941,NYA,48,8,29,0,27,0.281,99,186,-87
1941,NYR,48,21,19,0,50,0.521,143,125,18
1941,TOR,48,28,14,0,62,0.646,145,99,46
1942,BOS,48,25,17,0,56,0.583,160,118,42
1942,BRK,48,16,29,0,35,0.365,133,175,-42
1942,CHI,48,22,23,0,47,0.49,145,155,-10
1942,DET,48,19,25,0,42,0.438,140,147,-7
1942,MTL,48,18,27,0,39,0.406,134,173,-39
1942,NYR,48,29,17,0,60,0.625,177,143,34
1942,TOR,48,27,18,0,57,0.594,158,136,22
1943,BOS,50,24,17,0,57,0.57,195,176,19
1943,CHI,50,17,18,0,49,0.49,179,180,-1
1943,DET,50,25,14,0,61,0.61,169,124,45
1943,MTL,50,19,19,0,50,0.5,181,191,-10
1943,NYR,50,11,31,0,30,0.3,161,253,-92
1943,TOR,50,22,19,0,53,0.53,198,159,39
1944,BOS,50,19,26,0,43,0.43,223,268,-45
1944,CHI,50,22,23,0,49,0.49,178,187,-9
1944,DET,50,26,18,0,58,0.58,214,177,37
1944,MTL,50,38,5,0,83,0.83,234,109,125
1944,NYR,50,6,39,0,17,0.17,162,310,-148
1944,TOR,50,23,23,0,50,0.5,214,174,40
1945,BOS,50,16,30,0,36,0.36,179,219,-40
1945,CHI,50,13,30,0,33,0.33,141,194,-53
1945,DET,50,31,14,0,67,0.67,218,161,57
1945,MTL,50,38,8,0,80,0.8,228,121,107
1945,NYR,50,11,29,0,32,0.32,154,247,-93
1945,TOR,50,24,22,0,52,0.52,183,161,22
1946,BOS,50,24,18,0,56,0.56,167,156,11
1946,CHI,50,23,20,0,53,0.53,200,178,22
1946,DET,50,20,20,0,50,0.5,146,159,-13
1946,MTL,50,28,17,0,61,0.61,172,134,38
1946,NYR,50,13,28,0,35,0.35,144,191,-47
1946,TOR,50,19,24,0,45,0.45,174,185,-11
1947,BOS,60,26,23,0,63,0.525,190,175,15
1947,CHI,60,19,37,0,42,0.35,193,274,-81
1947,DET,60,22,27,0,55,0.458,190,193,-3
1947,MTL,60,34,16,0,78,0.65,189,138,51
1947,NYR,60,22,32,0,50,0.417,167,186,-19
1947,TOR,60,31,19,0,72,0.6,209,172,37
1948,BOS,60,23,24,0,59,0.492,167,168,-1
1948,CHI,60,20,34,0,46,0.383,195,225,-30
1948,DET,60,30,18,0,72,0.6,187,148,39
1948,MTL,60,20,29,0,51,0.425,147,169,-22
1948,NYR,60,21,26,0,55,0.458,176,201,-25
1948,TOR,60,32,15,0,77,0.642,182,143,39
1949,BOS,60,29,23,0,66,0.55,178,163,15
1949,CHI,60,21,31,0,50,0.417,173,211,-38
1949,DET,60,34,19,0,75,0.625,195,145,50
1949,MTL,60,28,23,0,65,0.542,152,126,26
1949,NYR,60,18,31,0,47,0.392,133,172,-39
1949,TOR,60,22,25,0,57,0.475,147,161,-14
1950,BOS,70,22,32,0,60,0.429,198,228,-30
1950,CHI,70,22,38,0,54,0.386,203,244,-41
1950,DET,70,37,19,0,88,0.629,229,164,65
1950,MTL,70,29,22,0,77,0.55,172,150,22
1950,NYR,70,28,31,0,67,0.479,170,189,-19
1950,TOR,70,31,27,0,74,0.529,176,173,3
1951,BOS,70,22,30,0,62,0.443,178,197,-19
1951,CHI,70,13,47,0,36,0.257,171,280,-109
1951,DET,70,44,13,0,101,0.721,236,139,97
1951,MTL,70,25,30,0,65,0.464,173,184,-11
1951,NYR,70,20,29,0,61,0.436,169,201,-32
1951,TOR,70,41,16,0,95,0.679,212,138,74
1952,BOS,70,25,29,0,66,0.471,162,176,-14
1952,CHI,70,17,44,0,43,0.307,158,241,-83
1952,DET,70,44,14,0,100,0.714,215,133,82
1952,MTL,70,34,26,0,78,0.557,195,164,31
1952,NYR,70,23,34,0,59,0.421,192,219,-27
1952,TOR,70,29,25,0,74,0.529,168,157,11
1953,BOS,70,28,29,0,69,0.493,152,172,-20
1953,CHI,70,27,28,0,69,0.493,169,175,-6
1953,DET,70,36,16,0,90,0.643,222,133,89
1953,MTL,70,28,23,0,75,0.536,155,148,7
1953,NYR,70,17,37,0,50,0.357,152,211,-59
1953,TOR,70,27,30,0,67,0.479,156,167,-11
1954,BOS,70,32,28,0,74,0.529,177,181,-4
1954,CHI,70,12,51,0,31,0.221,133,242,-109
1954,DET,70,37,19,0,88,0.629,191,132,59
1954,MTL,70,35,24,0,81,0.579,195,141,54
1954,NYR,70,29,31,0,68,0.486,161,182,-21
1954,TOR,70,32,24,0,78,0.557,152,131,21
1955,BOS,70,23,26,0,67,0.479,169,188,-19
1955,CHI,70,13,40,0,43,0.307,161,235,-74
1955,DET,70,42,17,0,95,0.679,204,134,70
1955,MTL,70,41,18,0,93,0.664,228,157,71
1955,NYR,70,17,35,0,52,0.371,150,210,-60
1955,TOR,70,24,24,0,70,0.5,147,135,12
1956,BOS,70,23,34,0,59,0.421,147,185,-38
1956,CHI,70,19,39,0,50,0.357,155,216,-61
1956,DET,70,30,24,0,76,0.543,183,148,35
1956,MTL,70,45,15,0,100,0.714,222,131,91
1956,NYR,70,32,28,0,74,0.529,204,203,1
1956,TOR,70,24,33,0,61,0.436,153,181,-28
1957,BOS,70,34,24,0,80,0.571,195,174,21
1957,CHI,70,16,39,0,47,0.336,169,225,-56
1957,DET,70,38,20,0,88,0.629,198,157,41
1957,MTL,70,35,23,0,82,0.586,210,155,55
1957,NYR,70,26,30,0,66,0.471,184,227,-43
1957,TOR,70,21,34,0,57,0.407,174,192,-18
1958,BOS,70,27,28,0,69,0.493,199,194,5
1958,CHI,70,24,39,0,55,0.393,163,202,-39
1958,DET,70,29,29,0,70,0.5,176,207,-31
1958,MTL,70,43,17,0,96,0.686,250,158,92
1958,NYR,70,32,25,0,77,0.55,195,188,7
1958,TOR,70,21,38,0,53,0.379,192,226,-34
1959,BOS,70,32,29,0,73,0.521,205,215,-10
1959,CHI,70,28,29,0,69,0.493,197,208,-11
1959,DET,70,25,37,0,58,0.414,167,218,-51
1959,MTL,70,39,18,0,91,0.65,258,158,100
1959,NYR,70,26,32,0,64,0.457,201,217,-16
1959,TOR,70,27,32,0,65,0.464,189,201,-12
1960,BOS,70,28,34,0,64,0.457,220,241,-21
1960,CHI,70,28,29,0,69,0.493,191,180,11
1960,DET,70,26,29,0,67,0.479,186,197,-11
1960,MTL,70,40,18,0,92,0.657,255,178,77
1960,NYR,70,17,38,0,49,0.35,187,247,-60
1960,TOR,70,35,26,0,79,0.564,199,195,4
1961,BOS,70,15,42,0,43,0.307,176,254,-78
1961,CHI,70,29,24,0,75,0.536,198,180,18
1961,DET,70,25,29,0,66,0.471,195,215,-20
1961,MTL,70,41,19,0,92,0.657,254,188,66
1961,NYR,70,22,38,0,54,0.386,204,248,-44
1961,TOR,70,39,19,0,90,0.643,234,176,58
1962,BOS,70,15,47,0,38,0.271,177,306,-129
1962,CHI,70,31,26,0,75,0.536,217,186,31
1962,DET,70,23,33,0,60,0.429,184,219,-35
1962,MTL,70,42,14,0,98,0.7,259,166,93
1962,NYR,70,26,32,0,64,0.457,195,207,-12
1962,TOR,70,37,22,0,85,0.607,232,180,52
1963,BOS,70,14,39,0,45,0.321,198,281,-83
1963,CHI,70,32,21,0,81,0.579,194,178,16
1963,DET,70,32,25,0,77,0.55,200,194,6
1963,MTL,70,28,19,0,79,0.564,225,183,42
1963,NYR,70,22,36,0,56,0.4,211,233,-22
1963,TOR,70,35,23,0,82,0.586,221,180,41
1964,BOS,70,18,40,0,48,0.343,170,212,-42
1964,CHI,70,36,22,0,84,0.6,218,169,49
1964,DET,70,30,29,0,71,0.507,191,204,-13
1964,MTL,70,36,21,0,85,0.607,209,167,42
1964,NYR,70,22,38,0,54,0.386,186,242,-56
1964,TOR,70,33,25,0,78,0.557,192,172,20
1965,BOS,70,21,43,0,48,0.343,166,253,-87
1965,CHI,70,34,28,0,76,0.543,224,176,48
1965,DET,70,40,23,0,87,0.621,224,175,49
1965,MTL,70,36,23,0,83,0.593,211,185,26
1965,NYR,70,20,38,0,52,0.371,179,246,-67
1965,TOR,70,30,26,0,74,0.529,204,173,31
1966,BOS,70,21,43,0,48,0.343,174,275,-101
1966,CHI,70,37,25,0,82,0.586,240,187,53
1966,DET,70,31,27,0,74,0.529,221,194,27
1966,MTL,70,41,21,0,90,0.643,239,173,66
1966,NYR,70,18,41,0,47,0.336,195,261,-66
1966,TOR,70,34,25,0,79,0.564,208,187,21
1967,BOS,70,17,43,0,44,0.314,182,253,-71
1967,CHI,70,41,17,0,94,0.671,264,170,94
1967,DET,70,27,39,0,58,0.414,212,241,-29
1967,MTL,70,32,25,0,77,0.55,202,188,14
1967,NYR,70,30,28,0,72,0.514,188,189,-1
1967,TOR,70,32,27,0,75,0.536,204,211,-7
1968,BOS,74,37,27,0,84,0.568,259,216,43
1968,CHI,74,32,26,0,80,0.541,212,222,-10
1968,DET,74,27,35,0,66,0.446,245,257,-12
1968,LAK,74,31,33,0,72,0.486,200,224,-24
1968,MNS,74,27,32,0,69,0.466,191,226,-35
1968,MTL,74,42,22,0,94,0.635,236,167,69
1968,NYR,74,39,23,0,90,0.608,226,183,43
1968,OAK,74,15,42,0,47,0.318,153,219,-66
1968,PHI,74,31,32,0,73,0.493,173,179,-6
1968,PIT,74,27,34,0,67,0.453,195,216,-21
1968,STL,74,27,31,0,70,0.473,177,191,-14
1968,TOR,74,33,31,0,76,0.514,209,176,33
1969,BOS,76,42,18,0,100,0.658,303,221,82
1969,CHI,76,34,33,0,77,0.507,280,246,34
1969,DET,76,33,31,0,78,0.513,239,221,18
1969,LAK,76,24,42,0,58,0.382,185,260,-75
1969,MNS,76,18,43,0,51,0.336,189,270,-81
1969,MTL,76,46,19,0,103,0.678,271,202,69
1969,NYR,76,41,26,0,91,0.599,231,196,35
1969,OAK,76,29,36,0,69,0.454,219,251,-32
1969,PHI,76,20,35,0,61,0.401,174,225,-51
1969,PIT,76,20,45,0,51,0.336,189,252,-63
1969,STL,76,37,25,0,88,0.579,204,157,47
1969,TOR,76,35,26,0,85,0.559,234,217,17
1970,BOS,76,40,17,0,99,0.651,277,216,61
1970,CHI,76,45,22,0,99,0.651,250,170,80
1970,DET,76,40,21,0,95,0.625,246,199,47
1970,LAK,76,14,52,0,38,0.25,168,290,-122
1970,MNS,76,19,35,0,60,0.395,224,257,-33
1970,MTL,76,38,22,0,92,0.605,244,201,43
1970,NYR,76,38,22,0,92,0.605,246,189,57
1970,OAK,76,22,40,0,58,0.382,169,243,-74
1970,PHI,76,17,35,0,58,0.382,197,225,-28
1970,PIT,76,26,38,0,64,0.421,182,238,-56
1970,STL,76,37,27,0,86,0.566,224,179,45
1970,TOR,76,29,34,0,71,0.467,222,242,-20
1971,BOS,78,57,14,0,121,0.776,399,207,192
1971,BUF,78,24,39,0,63,0.404,217,291,-74
1971,CHI,78,49,20,0,107,0.686,277,184,93
1971,DET,78,22,45,0,55,0.353,209,308,-99
1971,LAK,78,25,40,0,63,0.404,239,303,-64
1971,MNS,78,28,34,0,72,0.462,191,223,-32
1971,MTL,78,42,23,0,97,0.622,291,216,75
1971,NYR,78,49,18,0,109,0.699,259,177,82
1971,PHI,78,28,33,0,73,0.468,207,225,-18
1971,PIT,78,21,37,0,62,0.397,221,240,-19
1971,STL,78,34,25,0,87,0.558,223,208,15
1971,TOR,78,37,33,0,82,0.526,248,211,37
1971,VAN,78,24,46,0,56,0.359,229,296,-67
1972,BOS,78,54,13,0,119,0.763,330,204,126
1972,BUF,78,16,43,0,51,0.327,203,289,-86
1972,CHI,78,46,17,0,107,0.686,256,166,90
1972,DET,78,33,35,0,76,0.487,261,262,-1
1972,LAK,78,20,49,0,49,0.314,206,305,-99
1972,MNS,78,37,29,0,86,0.551,212,191,21
1972,MTL,78,46,16,0,108,0.692,307,205,102
1972,NYR,78,48,17,0,109,0.699,317,192,125
1972,PHI,78,26,38,0,66,0.423,200,236,-36
1972,PIT,78,26,38,0,66,0.423,220,258,-38
1972,STL,78,28,39,0,67,0.429,208,247,-39
1972,TOR,78,33,31,0,80,0.513,209,208,1
1972,VAN,78,20,50,0,48,0.308,203,297,-94
1973,AFM,78,25,38,0,65,0.417,191,239,-48
1973,BOS,78,51,22,0,107,0.686,330,235,95
1973,BUF,78,37,27,0,88,0.564,257,219,38
1973,CHI,78,42,27,0,93,0.596,284,225,59
1973,DET,78,37,29,0,86,0.551,265,243,22
1973,LAK,78,31,36,0,73,0.468,232,245,-13
1973,MNS,78,37,30,0,85,0.545,254,230,24
1973,MTL,78,52,10,0,120,0.769,329,184,145
1973,NYI,78,12,60,0,30,0.192,170,347,-177
1973,NYR,78,47,23,0,102,0.654,297,208,89
1973,PHI,78,37,30,0,85,0.545,296,256,40
1973,PIT,78,32,37,0,73,0.468,257,265,-8
1973,STL,78,32,34,0,76,0.487,233,251,-18
1973,TOR,78,27,41,0,64,0.41,247,279,-32
1973,VAN,78,22,47,0,53,0.34,233,339,-106
1974,AFM,78,30,34,0,74,0.474,214,238,-24
1974,BOS,78,52,17,0,113,0.724,349,221,128
1974,BUF,78,32,34,0,76,0.487,242,250,-8
1974,CHI,78,41,14,0,105,0.673,272,164,108
1974,DET,78,29,39,0,68,0.436,255,319,-64
1974,LAK,78,33,33,0,78,0.5,233,231,2
1974,MNS,78,23,38,0,63,0.404,235,275,-40
1974,MTL,78,45,24,0,99,0.635,293,240,53
1974,NYI,78,19,41,0,56,0.359,182,247,-65
1974,NYR,78,40,24,0,94,0.603,300,251,49
1974,PHI,78,50,16,0,112,0.718,273,164,109
1974,PIT,78,28,41,0,65,0.417,242,273,-31
1974,STL,78,26,40,0,64,0.41,206,248,-42
1974,TOR,78,35,27,0,86,0.551,274,230,44
1974,VAN,78,24,43,0,59,0.378,224,296,-72
1975,AFM,80,34,31,0,83,0.519,243,233,10
1975,BOS,80,40,26,0,94,0.588,345,245,100
1975,BUF,80,49,16,0,113,0.706,354,240,114
1975,CHI,80,37,35,0,82,0.512,268,241,27
1975,DET,80,23,45,0,58,0.362,259,335,-76
1975,KCS,80,15,54,0,41,0.256,184,328,-144
1975,LAK,80,42,17,0,105,0.656,269,185,84
1975,MNS,80,23,50,0,53,0.331,221,341,-120
1975,MTL,80,47,14,0,113,0.706,374,225,149
1975,NYI,80,33,25,0,88,0.55,264,221,43
1975,NYR,80,37,29,0,88,0.55,319,276,43
1975,PHI,80,51,18,0,113,0.706,293,181,112
1975,PIT,80,37,28,0,89,0.556,326,289,37
1975,STL,80,35,31,0,84,0.525,269,267,2
1975,TOR,80,31,33,0,78,0.488,280,309,-29
1975,VAN,80,38,32,0,86,0.538,271,254,17
1975,WSH,80,8,67,0,21,0.131,181,446,-265
1976,AFM,80,35,33,0,82,0.512,262,237,25
1976,BOS,80,48,15,0,113,0.706,313,237,76
1976,BUF,80,46,21,0,105,0.656,339,240,99
1976,CHI,80,32,30,0,82,0.512,254,261,-7
1976,DET,80,26,44,0,62,0.388,226,300,-74
1976,KCS,80,12,56,0,36,0.225,190,351,-161
1976,LAK,80,38,33,0,85,0.531,263,265,-2
1976,MNS,80,20,53,0,47,0.294,195,303,-108
1976,MTL,80,58,11,0,127,0.794,337,174,163
1976,NYI,80,42,21,0,101,0.631,297,190,107
1976,NYR,80,29,42,0,67,0.419,262,333,-71
1976,PHI,80,51,13,0,118,0.738,348,209,139
1976,PIT,80,35,33,0,82,0.512,339,303,36
1976,STL,80,29,37,0,72,0.45,249,290,-41
1976,TOR,80,34,31,0,83,0.519,294,276,18
1976,VAN,80,33,32,0,81,0.506,271,272,-1
1976,WSH,80,11,59,0,32,0.2,224,394,-170
1977,AFM,80,34,34,0,80,0.5,264,265,-1
1977,BOS,80,49,23,0,106,0.662,312,240,72
1977,BUF,80,48,24,0,104,0.65,301,220,81
1977,CHI,80,26,43,0,63,0.394,240,298,-58
1977,CLE,80,25,42,0,63,0.394,240,292,-52
1977,DET,80,16,55,0,41,0.256,183,309,-126
1977,LAK,80,34,31,0,83,0.519,271,241,30
1977,MNS,80,23,39,0,64,0.4,240,310,-70
1977,MTL,80,60,8,0,132,0.825,387,171,216
1977,NYI,80,47,21,0,106,0.662,288,193,95
1977,NYR,80,29,37,0,72,0.45,272,310,-38
1977,PHI,80,48,16,0,112,0.7,323,213,110
1977,PIT,80,34,33,0,81,0.506,240,252,-12
1977,STL,80,32,39,0,73,0.456,239,276,-37
1977,TOR,80,33,32,0,81,0.506,301,285,16
1977,VAN,80,25,42,0,63,0.394,235,294,-59
1977,WSH,80,24,42,0,62,0.388,221,307,-86
1978,AFM,80,34,27,0,87,0.544,274,252,22
1978,BOS,80,51,18,0,113,0.706,333,218,115
1978,BUF,80,44,19,0,105,0.656,288,215,73
1978,CHI,80,32,29,0,83,0.519,230,220,10
1978,CLE,80,22,45,0,57,0.356,230,325,-95
1978,DET,80,32,34,0,78,0.488,252,266,-14
1978,LAK,80,31,34,0,77,0.481,243,245,-2
1978,MNS,80,18,53,0,45,0.281,218,325,-107
1978,MTL,80,59,10,0,129,0.806,359,183,176
1978,NYI,80,48,17,0,111,0.694,334,210,124
1978,NYR,80,30,37,0,73,0.456,279,280,-1
1978,PHI,80,45,20,0,105,0.656,296,200,96
1978,PIT,80,25,37,0,68,0.425,254,321,-67
1978,STL,80,20,47,0,53,0.331,195,304,-109
1978,TOR,80,41,29,0,92,0.575,271,237,34
1978,VAN,80,20,43,0,57,0.356,239,320,-81
1978,WSH,80,17,49,0,48,0.3,195,321,-126
1979,AFM,80,41,31,0,90,0.562,327,280,47
1979,BOS,80,43,23,0,100,0.625,316,270,46
1979,BUF,80,36,28,0,88,0.55,280,263,17
1979,CHI,80,29,36,0,73,0.456,244,277,-33
1979,DET,80,23,41,0,62,0.388,252,295,-43
1979,LAK,80,34,34,0,80,0.5,292,286,6
1979,MNS,80,28,40,0,68,0.425,257,289,-32
1979,MTL,80,52,17,0,115,0.719,337,204,133
1979,NYI,80,51,15,0,116,0.725,358,214,144
1979,NYR,80,40,29,0,91,0.569,316,292,24
1979,PHI,80,40,25,0,95,0.594,281,248,33
1979,PIT,80,36,31,0,85,0.531,281,279,2
1979,STL,80,18,50,0,48,0.3,249,348,-99
1979,TOR,80,34,33,0,81,0.506,267,252,15
1979,VAN,80,25,42,0,63,0.394,217,291,-74
1979,WSH,80,24,41,0,63,0.394,273,338,-65
1980,AFM,80,35,32,0,83,0.519,282,269,13
1980,BOS,80,46,21,0,105,0.656,310,234,76
1980,BUF,80,47,17,0,110,0.688,318,201,117
1980,CHI,80,34,27,0,87,0.544,241,250,-9
1980,DET,80,26,43,0,63,0.394,268,306,-38
1980,EDM,80,28,39,0,69,0.431,301,322,-21
1980,HFD,80,27,34,0,73,0.456,303,312,-9
1980,LAK,80,30,36,0,74,0.462,290,313,-23
1980,MNS,80,36,28,0,88,0.55,311,253,58
1980,MTL,80,47,20,0,107,0.669,328,240,88
1980,NYI,80,39,28,0,91,0.569,281,247,34
1980,NYR,80,38,32,0,86,0.538,308,284,24
1980,PHI,80,48,12,0,116,0.725,327,254,73
1980,PIT,80,30,37,0,73,0.456,251,303,-52
1980,QUE,80,25,44,0,61,0.381,248,313,-65
1980,STL,80,34,34,0,80,0.5,266,278,-12
1980,TOR,80,35,40,0,75,0.469,304,327,-23
1980,VAN,80,27,37,0,70,0.438,256,281,-25
1980,WIN,80,20,49,0,51,0.319,214,314,-100
1980,WSH,80,27,40,0,67,0.419,261,293,-32
1981,BOS,80,37,30,0,87,0.544,316,272,44
1981,BUF,80,39,20,0,99,0.619,327,250,77
1981,CHI,80,31,33,0,78,0.488,304,315,-11
1981,DET,80,19,43,0,56,0.35,252,339,-87
1981,EDM,80,29,35,0,74,0.462,328,327,1
1981,HFD,80,21,41,0,60,0.375,292,372,-80
1981,LAK,80,43,24,0,99,0.619,337,290,47
1981,MNS,80,35,28,0,87,0.544,291,263,28
1981,MTL,80,45,22,0,103,0.644,332,232,100
1981,NYI,80,48,18,0,110,0.688,355,260,95
1981,NYR,80,30,36,0,74,0.462,312,317,-5
1981,PHI,80,41,24,0,97,0.606,313,249,64
1981,PIT,80,30,37,0,73,0.456,302,345,-43
1981,QUE,80,30,32,0,78,0.488,314,318,-4
1981,STL,80,45,18,0,107,0.669,352,281,71
1981,TOR,80,28,37,0,71,0.444,322,367,-45
1981,VAN,80,28,32,0,76,0.475,289,301,-12
1981,WIN,80,9,57,0,32,0.2,246,400,-154
1981,WSH,80,26,36,0,70,0.438,286,317,-31
1982,BOS,80,43,27,0,96,0.6,323,285,38
1982,BUF,80,39,26,0,93,0.581,307,273,34
1982,CHI,80,30,38,0,72,0.45,332,363,-31
1982,DET,80,21,47,0,54,0.338,270,351,-81
1982,EDM,80,48,17,0,111,0.694,417,295,122
1982,HFD,80,21,41,0,60,0.375,264,351,-87
1982,LAK,80,24,41,0,63,0.394,314,369,-55
1982,MNS,80,37,23,0,94,0.588,346,288,58
1982,MTL,80,46,17,0,109,0.681,360,223,137
1982,NYI,80,54,16,0,118,0.738,385,250,135
1982,NYR,80,39,27,0,92,0.575,316,306,10
1982,PHI,80,38,31,0,87,0.544,325,313,12
1982,PIT,80,31,36,0,75,0.469,310,337,-27
1982,QUE,80,33,31,0,82,0.512,356,345,11
1982,STL,80,32,40,0,72,0.45,315,349,-34
1982,TOR,80,20,44,0,56,0.35,298,380,-82
1982,VAN,80,30,33,0,77,0.481,290,286,4
1982,WIN,80,33,33,0,80,0.5,319,332,-13
1982,WSH,80,26,41,0,65,0.406,319,338,-19
1983,BOS,80,50,20,0,110,0.688,327,228,99
1983,BUF,80,38,29,0,89,0.556,318,285,33
1983,CHI,80,47,23,0,104,0.65,338,268,70
1983,DET,80,21,44,0,57,0.356,263,344,-81
1983,EDM,80,47,21,0,106,0.662,424,315,109
1983,HFD,80,19,54,0,45,0.281,261,403,-142
1983,LAK,80,27,41,0,66,0.412,308,365,-57
1983,MNS,80,40,24,0,96,0.6,321,290,31
1983,MTL,80,42,24,0,98,0.612,350,286,64
1983,NJD,80,17,49,0,48,0.3,230,338,-108
1983,NYI,80,42,26,0,96,0.6,302,226,76
1983,NYR,80,35,35,0,80,0.5,306,287,19
1983,PHI,80,49,23,0,106,0.662,326,240,86
1983,PIT,80,18,53,0,45,0.281,257,394,-137
1983,QUE,80,34,34,0,80,0.5,343,336,7
1983,STL,80,25,40,0,65,0.406,285,316,-31
1983,TOR,80,28,40,0,68,0.425,293,330,-37
1983,VAN,80,30,35,0,75,0.469,303,309,-6
1983,WIN,80,33,39,0,74,0.462,311,333,-22
1983,WSH,80,39,25,0,94,0.588,306,283,23
1984,BOS,80,49,25,0,104,0.65,336,261,75
1984,BUF,80,48,25,0,103,0.644,315,257,58
1984,CHI,80,30,42,0,68,0.425,277,311,-34
1984,DET,80,31,42,0,69,0.431,298,323,-25
1984,EDM,80,57,18,0,119,0.744,446,314,132
1984,HFD,80,28,42,0,66,0.412,288,320,-32
1984,LAK,80,23,44,0,59,0.369,309,376,-67
1984,MNS,80,39,31,0,88,0.55,345,344,1
1984,MTL,80,35,40,0,75,0.469,286,295,-9
1984,NJD,80,17,56,0,41,0.256,231,350,-119
1984,NYI,80,50,26,0,104,0.65,357,269,88
1984,NYR,80,42,29,0,93,0.581,314,304,10
1984,PHI,80,44,26,0,98,0.612,350,290,60
1984,PIT,80,16,58,0,38,0.238,254,390,-136
1984,QUE,80,42,28,0,94,0.588,360,278,82
1984,STL,80,32,41,0,71,0.444,293,316,-23
1984,TOR,80,26,45,0,61,0.381,303,387,-84
1984,VAN,80,32,39,0,73,0.456,306,328,-22
1984,WIN,80,31,38,0,73,0.456,340,374,-34
1984,WSH,80,48,27,0,101,0.631,308,226,82
1985,BOS,80,36,34,0,82,0.512,303,287,16
1985,BUF,80,38,28,0,90,0.562,290,237,53
1985,CHI,80,38,35,0,83,0.519,309,299,10
1985,DET,80,27,41,0,66,0.412,313,357,-44
1985,EDM,80,49,20,0,109,0.681,401,298,103
1985,HFD,80,30,41,0,69,0.431,268,318,-50
1985,LAK,80,34,32,0,82,0.512,339,326,13
1985,MNS,80,25,43,0,62,0.388,268,321,-53
1985,MTL,80,41,27,0,94,0.588,309,262,47
1985,NJD,80,22,48,0,54,0.338,264,346,-82
1985,NYI,80,40,34,0,86,0.538,345,312,33
1985,NYR,80,26,44,0,62,0.388,295,345,-50
1985,PHI,80,53,20,0,113,0.706,348,241,107
1985,PIT,80,24,51,0,53,0.331,276,385,-109
1985,QUE,80,41,30,0,91,0.569,323,275,48
1985,STL,80,37,31,0,86,0.538,299,288,11
1985,TOR,80,20,52,0,48,0.3,253,358,-105
1985,VAN,80,25,46,0,59,0.369,284,401,-117
1985,WIN,80,43,27,0,96,0.6,358,332,26
1985,WSH,80,46,25,0,101,0.631,322,240,82
1986,BOS,80,37,31,0,86,0.538,311,288,23
1986,BUF,80,37,37,0,80,0.5,296,291,5
1986,CHI,80,39,33,0,86,0.538,351,349,2
1986,DET,80,17,57,0,40,0.25,266,415,-149
1986,EDM,80,56,17,0,119,0.744,426,310,116
1986,HFD,80,40,36,0,84,0.525,332,302,30
1986,LAK,80,23,49,0,54,0.338,284,389,-105
1986,MNS,80,38,33,0,85,0.531,327,305,22
1986,MTL,80,40,33,0,87,0.544,330,280,50
1986,NJD,80,28,49,0,59,0.369,300,374,-74
1986,NYI,80,39,29,0,90,0.562,327,284,43
1986,NYR,80,36,38,0,78,0.488,280,276,4
1986,PHI,80,53,23,0,110,0.688,335,241,94
1986,PIT,80,34,38,0,76,0.475,313,305,8
1986,QUE,80,43,31,0,92,0.575,330,289,41
1986,STL,80,37,34,0,83,0.519,302,291,11
1986,TOR,80,25,48,0,57,0.356,311,386,-75
1986,VAN,80,23,44,0,59,0.369,282,333,-51
1986,WIN,80,26,47,0,59,0.369,295,372,-77
1986,WSH,80,50,23,0,107,0.669,315,272,43
1987,BOS,80,39,34,0,85,0.531,301,276,25
1987,BUF,80,28,44,0,64,0.4,280,308,-28
1987,CHI,80,29,37,0,72,0.45,290,310,-20
1987,DET,80,34,36,0,78,0.488,260,274,-14
1987,EDM,80,50,24,0,106,0.662,372,284,88
1987,HFD,80,43,30,0,93,0.581,287,270,17
1987,LAK,80,31,41,0,70,0.438,318,341,-23
1987,MNS,80,30,40,0,70,0.438,296,314,-18
1987,MTL,80,41,29,0,92,0.575,277,241,36
1987,NJD,80,29,45,0,64,0.4,293,368,-75
1987,NYI,80,35,33,0,82,0.512,279,281,-2
1987,NYR,80,34,38,0,76,0.475,307,323,-16
1987,PHI,80,46,26,0,100,0.625,310,245,65
1987,PIT,80,30,38,0,72,0.45,297,290,7
1987,QUE,80,31,39,0,72,0.45,267,276,-9
1987,STL,80,32,33,0,79,0.494,281,293,-12
1987,TOR,80,32,42,0,70,0.438,286,319,-33
1987,VAN,80,29,43,0,66,0.412,282,314,-32
1987,WIN,80,40,32,0,88,0.55,279,271,8
1987,WSH,80,38,32,0,86,0.538,285,278,7
1988,BOS,80,44,30,0,94,0.588,300,251,49
1988,BUF,80,37,32,0,85,0.531,283,305,-22
1988,CHI,80,30,41,0,69,0.431,284,328,-44
1988,DET,80,41,28,0,93,0.581,322,269,53
1988,EDM,80,44,25,0,99,0.619,363,288,75
1988,HFD,80,35,38,0,77,0.481,249,267,-18
1988,LAK,80,30,42,0,68,0.425,318,359,-41
1988,MNS,80,19,48,0,51,0.319,242,349,-107
1988,MTL,80,45,22,0,103,0.644,298,238,60
1988,NJD,80,38,36,0,82,0.512,295,296,-1
1988,NYI,80,39,31,0,88,0.55,308,267,41
1988,NYR,80,36,34,0,82,0.512,300,283,17
1988,PHI,80,38,33,0,85,0.531,292,292,0
1988,PIT,80,36,35,0,81,0.506,319,316,3
1988,QUE,80,32,43,0,69,0.431,271,306,-35
1988,STL,80,34,38,0,76,0.475,278,294,-16
1988,TOR,80,21,49,0,52,0.325,273,345,-72
1988,VAN,80,25,46,0,59,0.369,272,320,-48
1988,WIN,80,33,36,0,77,0.481,292,310,-18
1988,WSH,80,38,33,0,85,0.531,281,249,32
1989,BOS,80,37,29,0,88,0.55,289,256,33
1989,BUF,80,38,35,0,83,0.519,291,299,-8
1989,CHI,80,27,41,0,66,0.412,297,335,-38
1989,DET,80,34,34,0,80,0.5,313,316,-3
1989,EDM,80,38,34,0,84,0.525,325,306,19
1989,HFD,80,37,38,0,79,0.494,299,290,9
1989,LAK,80,42,31,0,91,0.569,376,335,41
1989,MNS,80,27,37,0,70,0.438,258,278,-20
1989,MTL,80,53,18,0,115,0.719,315,218,97
1989,NJD,80,27,41,0,66,0.412,281,325,-44
1989,NYI,80,28,47,0,61,0.381,265,325,-60
1989,NYR,80,37,35,0,82,0.512,310,307,3
1989,PHI,80,36,36,0,80,0.5,307,285,22
1989,PIT,80,40,33,0,87,0.544,347,349,-2
1989,QUE,80,27,46,0,61,0.381,269,342,-73
1989,STL,80,33,35,0,78,0.488,275,285,-10
1989,TOR,80,28,46,0,62,0.388,259,342,-83
1989,VAN,80,33,39,0,74,0.462,251,253,-2
1989,WIN,80,26,42,0,64,0.4,300,355,-55
1989,WSH,80,41,29,0,92,0.575,305,259,46
1990,BOS,80,46,25,0,101,0.631,289,232,57
1990,BUF,80,45,27,0,98,0.612,286,248,38
1990,CHI,80,41,33,0,88,0.55,316,294,22
1990,DET,80,28,38,0,70,0.438,288,323,-35
1990,EDM,80,38,28,0,90,0.562,315,283,32
1990,HFD,80,38,33,0,85,0.531,275,268,7
1990,LAK,80,34,39,0,75,0.469,338,337,1
1990,MNS,80,36,40,0,76,0.475,284,291,-7
1990,MTL,80,41,28,0,93,0.581,288,234,54
1990,NJD,80,37,34,0,83,0.519,295,288,7
1990,NYI,80,31,38,0,73,0.456,281,288,-7
1990,NYR,80,36,31,0,85,0.531,279,267,12
1990,PHI,80,30,39,0,71,0.444,290,297,-7
1990,PIT,80,32,40,0,72,0.45,318,359,-41
1990,QUE,80,12,61,0,31,0.194,240,407,-167
1990,STL,80,37,34,0,83,0.519,295,279,16
1990,TOR,80,38,38,0,80,0.5,337,358,-21
1990,VAN,80,25,41,0,64,0.4,245,306,-61
1990,WIN,80,37,32,0,85,0.531,298,290,8
1990,WSH,80,36,38,0,78,0.488,284,275,9
1991,BOS,80,44,24,0,100,0.625,299,264,35
1991,BUF,80,31,30,0,81,0.506,292,278,14
1991,CHI,80,49,23,0,106,0.662,284,211,73
1991,DET,80,34,38,0,76,0.475,273,298,-25
1991,EDM,80,37,37,0,80,0.5,272,272,0
1991,HFD,80,31,38,0,73,0.456,238,276,-38
1991,LAK,80,46,24,0,102,0.638,340,254,86
1991,MNS,80,27,39,0,68,0.425,256,266,-10
1991,MTL,80,39,30,0,89,0.556,273,249,24
1991,NJD,80,32,33,0,79,0.494,272,264,8
1991,NYI,80,25,45,0,60,0.375,223,290,-67
1991,NYR,80,36,31,0,85,0.531,297,265,32
1991,PHI,80,33,37,0,76,0.475,252,267,-15
1991,PIT,80,41,33,0,88,0.55,342,305,37
1991,QUE,80,16,50,0,46,0.288,236,354,-118
1991,STL,80,47,22,0,105,0.656,310,250,60
1991,TOR,80,23,46,0,57,0.356,241,318,-77
1991,VAN,80,28,43,0,65,0.406,243,315,-72
1991,WIN,80,26,43,0,63,0.394,260,288,-28
1991,WSH,80,37,36,0,81,0.506,258,258,0
1992,BOS,80,36,32,0,84,0.525,270,275,-5
1992,BUF,80,31,37,0,74,0.462,289,299,-10
1992,CHI,80,36,29,0,87,0.544,257,236,21
1992,DET,80,43,25,0,98,0.612,320,256,64
1992,EDM,80,36,34,0,82,0.512,295,297,-2
1992,HFD,80,26,41,0,65,0.406,247,283,-36
1992,LAK,80,35,31,0,84,0.525,287,296,-9
1992,MNS,80,32,42,0,70,0.438,246,278,-32
1992,MTL,80,41,28,0,93,0.581,267,207,60
1992,NJD,80,38,31,0,87,0.544,289,259,30
1992,NYI,80,34,35,0,79,0.494,291,299,-8
1992,NYR,80,50,25,0,105,0.656,321,246,75
1992,PHI,80,32,37,0,75,0.469,252,273,-21
1992,PIT,80,39,32,0,87,0.544,343,308,35
1992,QUE,80,20,48,0,52,0.325,255,318,-63
1992,SJS,80,17,58,0,39,0.244,219,359,-140
1992,STL,80,36,33,0,83,0.519,279,266,13
1992,TOR,80,30,43,0,67,0.419,234,294,-60
1992,VAN,80,42,26,0,96,0.6,285,250,35
1992,WIN,80,33,32,0,81,0.506,251,244,7
1992,WSH,80,45,27,0,98,0.612,330,275,55
1993,BOS,84,51,26,0,109,0.649,332,268,64
1993,BUF,84,38,36,0,86,0.512,335,297,38
1993,CHI,84,47,25,0,106,0.631,279,230,49
1993,DET,84,47,28,0,103,0.613,369,280,89
1993,EDM,84,26,50,0,60,0.357,242,337,-95
1993,HFD,84,26,52,0,58,0.345,284,369,-85
1993,LAK,84,39,35,0,88,0.524,338,340,-2
1993,MNS,84,36,38,0,82,0.488,272,293,-21
1993,MTL,84,48,30,0,102,0.607,326,280,46
1993,NJD,84,40,37,0,87,0.518,308,299,9
1993,NYI,84,40,37,0,87,0.518,335,297,38
1993,NYR,84,34,39,0,79,0.47,304,308,-4
1993,OTT,84,10,70,0,24,0.143,202,395,-193
1993,PHI,84,36,37,0,83,0.494,319,319,0
1993,PIT,84,56,21,0,119,0.708,367,268,99
1993,QUE,84,47,27,0,104,0.619,351,300,51
1993,SJS,84,11,71,0,24,0.143,218,414,-196
1993,STL,84,37,36,0,85,0.506,282,278,4
1993,TBL,84,23,54,0,53,0.315,245,332,-87
1993,TOR,84,44,29,0,99,0.589,288,241,47
1993,VAN,84,46,29,0,101,0.601,346,278,68
1993,WIN,84,40,37,0,87,0.518,322,320,2
1993,WSH,84,43,34,0,93,0.554,325,286,39
1994,ANA,84,33,46,0,71,0.423,229,251,-22
1994,BOS,84,42,29,0,97,0.577,289,252,37
1994,BUF,84,43,32,0,95,0.565,282,218,64
1994,CHI,84,39,36,0,87,0.518,254,240,14
1994,DAL,84,42,29,0,97,0.577,286,265,21
1994,DET,84,46,30,0,100,0.595,356,275,81
1994,EDM,84,25,45,0,64,0.381,261,305,-44
1994,FLA,84,33,34,0,83,0.494,233,233,0
1994,HFD,84,27,48,0,63,0.375,227,288,-61
1994,LAK,84,27,45,0,66,0.393,294,322,-28
1994,MTL,84,41,29,0,96,0.571,283,248,35
1994,NJD,84,47,25,0,106,0.631,306,220,86
1994,NYI,84,36,36,0,84,0.5,282,264,18
1994,NYR,84,52,24,0,112,0.667,299,231,68
1994,OTT,84,14,61,0,37,0.22,201,397,-196
1994,PHI,84,35,39,0,80,0.476,294,314,-20
1994,PIT,84,44,27,0,101,0.601,299,285,14
1994,QUE,84,34,42,0,76,0.452,277,292,-15
1994,SJS,84,33,35,0,82,0.488,252,265,-13
1994,STL,84,40,33,0,91,0.542,270,283,-13
1994,TBL,84,30,43,0,71,0.423,224,251,-27
1994,TOR,84,43,29,0,98,0.583,280,243,37
1994,VAN,84,41,40,0,85,0.506,279,276,3
1994,WIN,84,24,51,0,57,0.339,245,344,-99
1994,WSH,84,39,35,0,88,0.524,277,263,14
1995,ANA,48,16,27,0,37,0.385,125,164,-39
1995,BOS,48,27,18,0,57,0.594,150,127,23
1995,BUF,48,22,19,0,51,0.531,130,119,11
1995,CHI,48,24,19,0,53,0.552,156,115,41
1995,DAL,48,17,23,0,42,0.438,136,135,1
1995,DET,48,33,11,0,70,0.729,180,117,63
1995,EDM,48,17,27,0,38,0.396,136,183,-47
1995,FLA,48,20,22,0,46,0.479,115,127,-12
1995,HFD,48,19,24,0,43,0.448,127,141,-14
1995,LAK,48,16,23,0,41,0.427,142,174,-32
1995,MTL,48,18,23,0,43,0.448,125,148,-23
1995,NJD,48,22,18,0,52,0.542,136,121,15
1995,NYI,48,15,28,0,35,0.365,126,158,-32
1995,NYR,48,22,23,0,47,0.49,139,134,5
1995,OTT,48,9,34,0,23,0.24,117,174,-57
1995,PHI,48,28,16,0,60,0.625,150,132,18
1995,PIT,48,29,16,0,61,0.635,181,158,23
1995,QUE,48,30,13,0,65,0.677,185,134,51
1995,SJS,48,19,25,0,42,0.438,129,161,-32
1995,STL,48,28,15,0,61,0.635,178,135,43
1995,TBL,48,17,28,0,37,0.385,120,144,-24
1995,TOR,48,21,19,0,50,0.521,135,146,-11
1995,VAN,48,18,18,0,48,0.5,153,148,5
1995,WIN,48,16,25,0,39,0.406,157,177,-20
1995,WSH,48,22,18,0,52,0.542,136,120,16
1996,ANA,82,35,39,0,78,0.476,234,247,-13
1996,BOS,82,40,31,0,91,0.555,282,269,13
1996,BUF,82,33,42,0,73,0.445,247,262,-15
1996,CHI,82,40,28,0,94,0.573,273,220,53
1996,COL,82,47,25,0,104,0.634,326,240,86
1996,DAL,82,26,42,0,66,0.402,227,280,-53
1996,DET,82,62,13,0,131,0.799,325,181,144
1996,EDM,82,30,44,0,68,0.415,240,304,-64
1996,FLA,82,41,31,0,92,0.561,254,234,20
1996,HFD,82,34,39,0,77,0.47,237,259,-22
1996,LAK,82,24,40,0,66,0.402,256,302,-46
1996,MTL,82,40,32,0,90,0.549,265,248,17
1996,NJD,82,37,33,0,86,0.524,215,202,13
1996,NYI,82,22,50,0,54,0.329,229,315,-86
1996,NYR,82,41,27,0,96,0.585,272,237,35
1996,OTT,82,18,59,0,41,0.25,191,291,-100
1996,PHI,82,45,24,0,103,0.628,282,208,74
1996,PIT,82,49,29,0,102,0.622,362,284,78
1996,SJS,82,20,55,0,47,0.287,252,357,-105
1996,STL,82,32,34,0,80,0.488,219,248,-29
1996,TBL,82,38,32,0,88,0.537,238,248,-10
1996,TOR,82,34,36,0,80,0.488,247,252,-5
1996,VAN,82,32,35,0,79,0.482,278,278,0
1996,WIN,82,36,40,0,78,0.476,275,291,-16
1996,WSH,82,39,32,0,89,0.543,234,204,30
1997,ANA,82,36,33,0,85,0.518,245,233,12
1997,BOS,82,26,47,0,61,0.372,234,300,-66
1997,BUF,82,40,30,0,92,0.561,237,208,29
1997,CHI,82,34,35,0,81,0.494,223,210,13
1997,COL,82,49,24,0,107,0.652,277,205,72
1997,DAL,82,48,26,0,104,0.634,252,198,54
1997,DET,82,38,26,0,94,0.573,253,197,56
1997,EDM,82,36,37,0,81,0.494,252,247,5
1997,FLA,82,35,28,0,89,0.543,221,201,20
1997,HFD,82,32,39,0,75,0.457,226,256,-30
1997,LAK,82,28,43,0,67,0.409,214,268,-54
1997,MTL,82,31,36,0,77,0.47,249,276,-27
1997,NJD,82,45,23,0,104,0.634,231,182,49
1997,NYI,82,29,41,0,70,0.427,240,250,-10
1997,NYR,82,38,34,0,86,0.524,258,231,27
1997,OTT,82,31,36,0,77,0.47,226,234,-8
1997,PHI,82,45,24,0,103,0.628,274,217,57
1997,PHX,82,38,37,0,83,0.506,240,243,-3
1997,PIT,82,38,36,0,84,0.512,285,280,5
1997,SJS,82,27,47,0,62,0.378,211,278,-67
1997,STL,82,36,35,0,83,0.506,236,239,-3
1997,TBL,82,32,40,0,74,0.451,217,247,-30
1997,TOR,82,30,44,0,68,0.415,230,273,-43
1997,VAN,82,35,40,0,77,0.47,257,273,-16
1997,WSH,82,33,40,0,75,0.457,214,231,-17
1998,ANA,82,26,43,0,65,0.396,205,261,-56
1998,BOS,82,39,30,0,91,0.555,221,194,27
1998,BUF,82,36,29,0,89,0.543,211,187,24
1998,CAR,82,33,41,0,74,0.451,200,219,-19
1998,CHI,82,30,39,0,73,0.445,192,199,-7
1998,COL,82,39,26,0,95,0.579,231,205,26
1998,DAL,82,49,22,0,109,0.665,242,167,75
1998,DET,82,44,23,0,103,0.628,250,196,54
1998,EDM,82,35,37,0,80,0.488,215,224,-9
1998,FLA,82,24,43,0,63,0.384,203,256,-53
1998,LAK,82,38,33,0,87,0.53,227,225,2
1998,MTL,82,37,32,0,87,0.53,235,208,27
1998,NJD,82,48,23,0,107,0.652,225,166,59
1998,NYI,82,30,41,0,71,0.433,212,225,-13
1998,NYR,82,25,39,0,68,0.415,197,231,-34
1998,OTT,82,34,33,0,83,0.506,193,200,-7
1998,PHI,82,42,29,0,95,0.579,242,193,49
1998,PHX,82,35,35,0,82,0.5,224,227,-3
1998,PIT,82,40,24,0,98,0.598,228,188,40
1998,SJS,82,34,38,0,78,0.476,210,216,-6
1998,STL,82,45,29,0,98,0.598,256,204,52
1998,TBL,82,17,55,0,44,0.268,151,269,-118
1998,TOR,82,30,43,0,69,0.421,194,237,-43
1998,VAN,82,25,43,0,64,0.39,224,273,-49
1998,WSH,82,40,30,0,92,0.561,219,202,17
1999,ANA,82,35,34,0,83,0.506,215,206,9
1999,BOS,82,39,30,0,91,0.555,214,181,33
1999,BUF,82,37,28,0,91,0.555,207,175,32
1999,CAR,82,34,30,0,86,0.524,210,202,8
1999,CHI,82,29,41,0,70,0.427,202,248,-46
1999,COL,82,44,28,0,98,0.598,239,205,34
1999,DAL,82,51,19,0,114,0.695,236,168,68
1999,DET,82,43,32,0,93,0.567,245,202,43
1999,EDM,82,33,37,0,78,0.476,230,226,4
1999,FLA,82,30,34,0,78,0.476,210,228,-18
1999,LAK,82,32,45,0,69,0.421,189,222,-33
1999,MTL,82,32,39,0,75,0.457,184,209,-25
1999,NJD,82,47,24,0,105,0.64,248,196,52
1999,NYI,82,24,48,0,58,0.354,194,244,-50
1999,NYR,82,33,38,0,77,0.47,217,227,-10
1999,OTT,82,44,23,0,103,0.628,239,179,60
1999,PHI,82,37,26,0,93,0.567,231,196,35
1999,PHX,82,39,31,0,90,0.549,205,197,8
1999,PIT,82,38,30,0,90,0.549,242,225,17
1999,SJS,82,31,33,0,80,0.488,196,191,5
1999,STL,82,37,32,0,87,0.53,237,209,28
1999,TBL,82,19,54,0,47,0.287,179,292,-113
1999,TOR,82,45,30,0,97,0.591,268,231,37
1999,VAN,82,23,47,0,58,0.354,192,258,-66
1999,WSH,82,31,45,0,68,0.415,200,218,-18
2000,ANA,82,34,33,3,83,0.506,217,227,-10
2000,ATL,82,14,57,4,39,0.238,170,313,-143
2000,BOS,82,24,33,6,73,0.445,210,248,-38
2000,BUF,82,35,32,4,85,0.518,213,204,9
2000,CAR,82,37,35,0,84,0.512,217,216,1
2000,CHI,82,33,37,2,78,0.476,242,245,-3
2000,COL,82,42,28,1,96,0.585,233,201,32
2000,DAL,82,43,23,6,102,0.622,211,184,27
2000,DET,82,48,22,2,108,0.659,278,210,68
2000,EDM,82,32,26,8,88,0.537,226,212,14
2000,FLA,82,43,27,6,98,0.598,244,209,35
2000,LAK,82,39,27,4,94,0.573,245,228,17
2000,MTL,82,35,34,4,83,0.506,196,194,2
2000,NJD,82,45,24,5,103,0.628,251,203,48
2000,NYI,82,24,48,1,58,0.354,194,275,-81
2000,NYR,82,29,38,3,73,0.445,218,246,-28
2000,OTT,82,41,28,2,95,0.579,244,210,34
2000,PHI,82,45,22,3,105,0.64,237,179,58
2000,PHX,82,39,31,4,90,0.549,232,228,4
2000,PIT,82,37,31,6,88,0.537,241,236,5
2000,SJS,82,35,30,7,87,0.53,225,214,11
2000,STL,82,51,19,1,114,0.695,248,165,83
2000,TBL,82,19,47,7,54,0.329,204,310,-106
2000,TOR,82,45,27,3,100,0.61,246,222,24
2000,VAN,82,30,29,8,83,0.506,227,237,-10
2000,WSH,82,44,24,2,102,0.622,227,194,33
2001,ANA,82,25,41,5,66,0.402,188,245,-57
2001,ATL,82,23,45,2,60,0.366,211,289,-78
2001,BOS,82,36,30,8,88,0.537,227,249,-22
2001,BUF,82,46,30,1,98,0.598,218,184,34
2001,CAR,82,38,32,3,88,0.537,212,225,-13
2001,CBJ,82,28,39,6,71,0.433,190,233,-43
2001,CHI,82,29,40,5,71,0.433,210,246,-36
2001,COL,82,52,16,4,118,0.72,270,192,78
2001,DAL,82,48,24,2,106,0.646,241,187,54
2001,DET,82,49,20,4,111,0.677,253,202,51
2001,EDM,82,39,28,3,93,0.567,243,222,21
2001,FLA,82,22,38,9,66,0.402,200,246,-46
2001,LAK,82,38,28,3,92,0.561,252,228,24
2001,MIN,82,25,39,5,68,0.415,168,210,-42
2001,MTL,82,28,40,6,70,0.427,206,232,-26
2001,NJD,82,48,19,3,111,0.677,295,195,100
2001,NYI,82,21,51,3,52,0.317,185,268,-83
2001,NYR,82,33,43,1,72,0.439,250,290,-40
2001,OTT,82,48,21,4,109,0.665,274,205,69
2001,PHI,82,43,25,3,100,0.61,240,207,33
2001,PHX,82,35,27,3,90,0.549,214,212,2
2001,PIT,82,42,28,3,96,0.585,281,256,25
2001,SJS,82,40,27,3,95,0.579,217,192,25
2001,STL,82,43,22,5,103,0.628,249,195,54
2001,TBL,82,24,47,5,59,0.36,201,280,-79
2001,TOR,82,37,29,5,90,0.549,232,207,25
2001,VAN,82,36,28,7,90,0.549,239,238,1
2001,WSH,82,41,27,4,96,0.585,233,211,22
2002,ANA,82,29,42,3,69,0.421,175,198,-23
2002,ATL,82,19,47,5,54,0.329,187,288,-101
2002,BOS,82,43,24,9,101,0.616,236,201,35
2002,BUF,82,35,35,1,82,0.5,213,200,13
2002,CAR,82,35,26,5,91,0.555,217,217,0
2002,CBJ,82,22,47,5,57,0.348,164,255,-91
2002,CHI,82,41,27,1,96,0.585,216,207,9
2002,COL,82,45,28,1,99,0.604,212,169,43
2002,DAL,82,36,28,5,90,0.549,215,213,2
2002,DET,82,51,17,4,116,0.707,251,187,64
2002,EDM,82,38,28,4,92,0.561,205,182,23
2002,FLA,82,22,44,6,60,0.366,180,250,-70
2002,LAK,82,40,27,4,95,0.579,214,190,24
2002,MIN,82,26,35,9,73,0.445,195,238,-43
2002,MTL,82,36,31,3,87,0.53,207,209,-2
2002,NJD,82,41,28,4,95,0.579,205,187,18
2002,NYI,82,42,28,4,96,0.585,239,220,19
2002,NYR,82,36,38,4,80,0.488,227,258,-31
2002,OTT,82,39,27,7,94,0.573,243,208,35
2002,PHI,82,42,27,3,97,0.591,234,192,42
2002,PHX,82,40,27,6,95,0.579,228,210,18
2002,PIT,82,28,41,5,69,0.421,198,249,-51
2002,SJS,82,44,27,3,99,0.604,248,199,49
2002,STL,82,43,27,4,98,0.598,227,188,39
2002,TBL,82,27,40,4,69,0.421,178,219,-41
2002,TOR,82,43,25,4,100,0.61,249,207,42
2002,VAN,82,42,30,3,94,0.573,254,211,43
2002,WSH,82,36,33,2,85,0.518,228,240,-12
2003,ANA,82,40,27,6,95,0.579,203,193,10
2003,ATL,82,31,39,5,74,0.451,226,284,-58
2003,BOS,82,36,31,4,87,0.53,245,237,8
2003,BUF,82,27,37,8,72,0.439,190,219,-29
2003,CAR,82,22,43,6,61,0.372,171,240,-69
2003,CBJ,82,29,42,3,69,0.421,213,263,-50
2003,CHI,82,30,33,6,79,0.482,207,226,-19
2003,COL,82,42,19,8,105,0.64,251,194,57
2003,DAL,82,46,17,4,111,0.677,245,169,76
2003,DET,82,48,20,4,110,0.671,269,203,66
2003,EDM,82,36,26,9,92,0.561,231,230,1
2003,FLA,82,24,36,9,70,0.427,176,237,-61
2003,LAK,82,33,37,6,78,0.476,203,221,-18
2003,MIN,82,42,29,1,95,0.579,198,178,20
2003,MTL,82,30,35,9,77,0.47,206,234,-28
2003,NJD,82,46,20,6,108,0.659,216,166,50
2003,NYI,82,35,34,2,83,0.506,224,231,-7
2003,NYR,82,32,36,4,78,0.476,210,231,-21
2003,OTT,82,52,21,1,113,0.689,263,182,81
2003,PHI,82,45,20,4,107,0.652,211,166,45
2003,PHX,82,31,35,5,78,0.476,204,230,-26
2003,PIT,82,27,44,5,65,0.396,189,255,-66
2003,SJS,82,28,37,8,73,0.445,214,239,-25
2003,STL,82,41,24,6,99,0.604,253,222,31
2003,TBL,82,36,25,5,93,0.567,219,210,9
2003,TOR,82,44,28,3,98,0.598,236,208,28
2003,VAN,82,45,23,1,104,0.634,264,208,56
2003,WSH,82,39,29,6,92,0.561,224,220,4
2004,ANA,82,29,35,8,76,0.463,184,213,-29
2004,ATL,82,33,37,4,78,0.476,214,243,-29
2004,BOS,82,41,19,7,104,0.634,209,188,21
2004,BUF,82,37,34,4,85,0.518,220,221,-1
2004,CAR,82,28,34,6,76,0.463,172,209,-37
2004,CBJ,82,25,45,4,62,0.378,177,238,-61
2004,CHI,82,20,43,8,59,0.36,188,259,-71
2004,COL,82,40,22,7,100,0.61,236,198,38
2004,DAL,82,41,26,2,97,0.591,194,175,19
2004,DET,82,48,21,2,109,0.665,255,189,66
2004,EDM,82,36,29,5,89,0.543,221,208,13
2004,FLA,82,28,35,4,75,0.457,188,221,-33
2004,LAK,82,28,29,9,81,0.494,205,217,-12
2004,MIN,82,30,29,3,83,0.506,188,183,5
2004,MTL,82,41,30,4,93,0.567,208,192,16
2004,NJD,82,43,25,2,100,0.61,213,164,49
2004,NYI,82,38,29,4,91,0.555,237,210,27
2004,NYR,82,27,40,8,69,0.421,206,250,-44
2004,OTT,82,43,23,6,102,0.622,262,189,73
2004,PHI,82,40,21,6,101,0.616,229,186,43
2004,PHX,82,22,36,6,68,0.415,188,245,-57
2004,PIT,82,23,47,4,58,0.354,190,303,-113
2004,SJS,82,43,21,6,104,0.634,219,183,36
2004,STL,82,39,30,2,91,0.555,191,198,-7
2004,TBL,82,46,22,6,106,0.646,245,192,53
2004,TOR,82,45,24,3,103,0.628,242,204,38
2004,VAN,82,43,24,5,101,0.616,235,194,41
2004,WSH,82,23,46,3,59,0.36,186,253,-67
2006,ANA,82,43,27,12,98,0.598,254,229,25
2006,ATL,82,41,33,8,90,0.549,281,275,6
2006,BOS,82,29,37,16,74,0.451,230,266,-36
2006,BUF,82,52,24,6,110,0.671,281,239,42
2006,CAR,82,52,22,8,112,0.683,294,260,34
2006,CBJ,82,35,43,4,74,0.451,223,279,-56
2006,CHI,82,26,43,13,65,0.396,211,285,-74
2006,COL,82,43,30,9,95,0.579,283,257,26
2006,DAL,82,53,23,6,112,0.683,265,218,47
2006,DET,82,58,16,8,124,0.756,305,209,96
2006,EDM,82,41,28,13,95,0.579,256,251,5
2006,FLA,82,37,34,11,85,0.518,240,257,-17
2006,LAK,82,42,35,5,89,0.543,249,270,-21
2006,MIN,82,38,36,8,84,0.512,231,215,16
2006,MTL,82,42,31,9,93,0.567,243,247,-4
2006,NJD,82,46,27,9,101,0.616,242,229,13
2006,NYI,82,36,40,6,78,0.476,230,278,-48
2006,NYR,82,44,26,12,100,0.61,257,215,42
2006,OTT,82,52,21,9,113,0.689,314,211,103
2006,PHI,82,45,26,11,101,0.616,267,259,8
2006,PHX,82,38,39,5,81,0.494,246,271,-25
2006,PIT,82,22,46,14,58,0.354,244,316,-72
2006,SJS,82,44,27,11,99,0.604,266,242,24
2006,STL,82,21,46,15,57,0.348,197,292,-95
2006,TBL,82,43,33,6,92,0.561,252,260,-8
2006,TOR,82,41,33,8,90,0.549,257,270,-13
2006,VAN,82,42,32,8,92,0.561,256,255,1
2006,WSH,82,29,41,12,70,0.427,237,306,-69
2007,ATL,82,43,28,11,97,0.591,246,245,1
2007,BOS,82,35,41,6,76,0.463,219,289,-70
2007,BUF,82,53,22,7,113,0.689,308,242,66
2007,CAR,82,40,34,8,88,0.537,241,253,-12
2007,CBJ,82,33,42,7,73,0.445,201,249,-48
2007,CHI,82,31,42,9,71,0.433,201,258,-57
2007,COL,82,44,31,7,95,0.579,272,251,21
2007,DAL,82,50,25,7,107,0.652,226,197,29
2007,DET,82,50,19,13,113,0.689,254,199,55
2007,EDM,82,32,43,7,71,0.433,195,248,-53
2007,FLA,82,35,31,16,86,0.524,247,257,-10
2007,LAK,82,27,41,14,68,0.415,227,283,-56
2007,MIN,82,48,26,8,104,0.634,235,191,44
2007,MTL,82,42,34,6,90,0.549,245,256,-11
2007,NJD,82,49,24,9,107,0.652,216,201,15
2007,NYI,82,40,30,12,92,0.561,248,240,8
2007,NYR,82,42,30,10,94,0.573,242,216,26
2007,OTT,82,48,25,9,105,0.64,288,222,66
2007,PHI,82,22,48,12,56,0.341,214,303,-89
2007,PHX,82,31,46,5,67,0.409,216,284,-68
2007,PIT,82,47,24,11,105,0.64,277,246,31
2007,SJS,82,51,26,5,107,0.652,258,199,59
2007,STL,82,34,35,13,81,0.494,214,254,-40
2007,TBL,82,44,33,5,93,0.567,253,261,-8
2007,TOR,82,40,31,11,91,0.555,258,269,-11
2007,VAN,82,49,26,7,105,0.64,222,201,21
2007,WSH,82,28,40,14,70,0.427,235,286,-51
2008,ATL,82,34,40,8,76,0.463,216,272,-56
2008,BOS,82,41,29,12,94,0.573,212,222,-10
2008,BUF,82,39,31,12,90,0.549,255,242,13
2008,CAR,82,43,33,6,92,0.561,252,249,3
2008,CBJ,82,34,36,12,80,0.488,193,218,-25
2008,CHI,82,40,34,8,88,0.537,239,235,4
2008,COL,82,44,31,7,95,0.579,231,219,12
2008,DAL,82,45,30,7,97,0.591,242,207,35
2008,DET,82,54,21,7,115,0.701,257,184,73
2008,EDM,82,41,35,6,88,0.537,235,251,-16
2008,FLA,82,38,35,9,85,0.518,216,226,-10
2008,LAK,82,32,43,7,71,0.433,231,266,-35
2008,MIN,82,44,28,10,98,0.598,223,218,5
2008,MTL,82,47,25,10,104,0.634,262,222,40
2008,NJD,82,46,29,7,99,0.604,206,197,9
2008,NYI,82,35,38,9,79,0.482,194,243,-49
2008,NYR,82,42,27,13,97,0.591,213,199,14
2008,OTT,82,43,31,8,94,0.573,261,247,14
2008,PHI,82,42,29,11,95,0.579,248,233,15
2008,PHX,82,38,37,7,83,0.506,214,231,-17
2008,PIT,82,47,27,8,102,0.622,247,216,31
2008,SJS,82,49,23,10,108,0.659,222,193,29
2008,STL,82,33,36,13,79,0.482,205,237,-32
2008,TBL,82,31,42,9,71,0.433,223,267,-44
2008,TOR,82,36,35,11,83,0.506,231,260,-29
2008,VAN,82,39,33,10,88,0.537,213,215,-2
2008,WSH,82,43,31,8,94,0.573,242,231,11
2009,ATL,82,35,41,6,76,0.463,257,280,-23
2009,BOS,82,53,19,10,116,0.707,274,196,78
2009,BUF,82,41,32,9,91,0.555,250,234,16
2009,CAR,82,45,30,7,97,0.591,239,226,13
2009,CBJ,82,41,31,10,92,0.561,226,230,-4
2009,CHI,82,46,24,12,104,0.634,264,216,48
2009,COL,82,32,45,5,69,0.421,199,257,-58
2009,DAL,82,36,35,11,83,0.506,230,257,-27
2009,DET,82,51,21,10,112,0.683,295,244,51
2009,EDM,82,38,35,9,85,0.518,234,248,-14
2009,FLA,82,41,30,11,93,0.567,234,231,3
2009,LAK,82,34,37,11,79,0.482,207,234,-27
2009,MIN,82,40,33,9,89,0.543,219,200,19
2009,MTL,82,41,30,11,93,0.567,249,247,2
2009,NJD,82,51,27,4,106,0.646,244,209,35
2009,NYI,82,26,47,9,61,0.372,201,279,-78
2009,NYR,82,43,30,9,95,0.579,210,218,-8
2009,OTT,82,36,35,11,83,0.506,217,237,-20
2009,PHI,82,44,27,11,99,0.604,264,238,26
2009,PHX,82,36,39,7,79,0.482,208,252,-44
2009,PIT,82,45,28,9,99,0.604,264,239,25
2009,SJS,82,53,18,11,117,0.713,257,204,53
2009,STL,82,41,31,10,92,0.561,233,233,0
2009,TBL,82,24,40,18,66,0.402,210,279,-69
2009,TOR,82,34,35,13,81,0.494,250,293,-43
2009,VAN,82,45,27,10,100,0.61,246,220,26
2009,WSH,82,50,24,8,108,0.659,272,245,27
2010,ATL,82,35,34,13,83,0.506,234,256,-22
2010,BOS,82,39,30,13,91,0.555,206,200,6
2010,BUF,82,45,27,10,100,0.61,235,207,28
2010,CAR,82,35,37,10,80,0.488,230,256,-26
2010,CBJ,82,32,35,15,79,0.482,216,259,-43
2010,CHI,82,52,22,8,112,0.683,271,209,62
2010,COL,82,43,30,9,95,0.579,244,233,11
2010,DAL,82,37,31,14,88,0.537,237,254,-17
2010,DET,82,44,24,14,102,0.622,229,216,13
2010,EDM,82,27,47,8,62,0.378,214,284,-70
2010,FLA,82,32,37,13,77,0.47,208,244,-36
2010,LAK,82,46,27,9,101,0.616,241,219,22
2010,MIN,82,38,36,8,84,0.512,219,246,-27
2010,MTL,82,39,33,10,88,0.537,217,223,-6
2010,NJD,82,48,27,7,103,0.628,222,191,31
2010,NYI,82,34,37,11,79,0.482,222,264,-42
2010,NYR,82,38,33,11,87,0.53,222,218,4
2010,OTT,82,44,32,6,94,0.573,225,238,-13
2010,PHI,82,41,35,6,88,0.537,236,225,11
2010,PHX,82,50,25,7,107,0.652,225,202,23
2010,PIT,82,47,28,7,101,0.616,257,237,20
2010,SJS,82,51,20,11,113,0.689,264,215,49
2010,STL,82,40,32,10,90,0.549,225,223,2
2010,TBL,82,34,36,12,80,0.488,217,260,-43
2010,TOR,82,30,38,14,74,0.451,214,267,-53
2010,VAN,82,49,28,5,103,0.628,272,222,50
2010,WSH,82,54,15,13,121,0.738,318,233,85
2011,ATL,82,34,36,12,80,0.488,223,269,-46
2011,BOS,82,46,25,11,103,0.628,246,195,51
2011,BUF,82,43,29,10,96,0.585,245,229,16
2011,CAR,82,40,31,11,91,0.555,236,239,-3
2011,CBJ,82,34,35,13,81,0.494,215,258,-43
2011,CHI,82,44,29,9,97,0.591,258,225,33
2011,COL,82,30,44,8,68,0.415,227,288,-61
2011,DAL,82,42,29,11,95,0.579,227,233,-6
2011,DET,82,47,25,10,104,0.634,261,241,20
2011,EDM,82,25,45,12,62,0.378,193,269,-76
2011,FLA,82,30,40,12,72,0.439,195,229,-34
2011,LAK,82,46,30,6,98,0.598,219,198,21
2011,MIN,82,39,35,8,86,0.524,206,233,-27
2011,MTL,82,44,30,8,96,0.585,216,209,7
2011,NJD,82,38,39,5,81,0.494,174,209,-35
2011,NYI,82,30,39,13,73,0.445,229,264,-35
2011,NYR,82,44,33,5,93,0.567,233,198,35
2011,OTT,82,32,40,10,74,0.451,192,250,-58
2011,PHI,82,47,23,12,106,0.646,259,223,36
2011,PHX,82,43,26,13,99,0.604,231,226,5
2011,PIT,82,49,25,8,106,0.646,238,199,39
2011,SJS,82,48,25,9,105,0.64,248,213,35
2011,STL,82,38,33,11,87,0.53,240,234,6
2011,TBL,82,46,25,11,103,0.628,247,240,7
2011,TOR,82,37,34,11,85,0.518,218,251,-33
2011,VAN,82,54,19,9,117,0.713,262,185,77
2011,WSH,82,48,23,11,107,0.652,224,197,27
2012,BOS,82,49,29,4,102,0.622,269,202,67
2012,BUF,82,39,32,11,89,0.543,218,230,-12
2012,CAR,82,33,33,16,82,0.5,213,243,-30
2012,CBJ,82,29,46,7,65,0.396,202,262,-60
2012,CHI,82,45,26,11,101,0.616,248,238,10
2012,COL,82,41,35,6,88,0.537,208,220,-12
2012,DAL,82,42,35,5,89,0.543,211,222,-11
2012,DET,82,48,28,6,102,0.622,248,203,45
2012,EDM,82,32,40,10,74,0.451,212,239,-27
2012,FLA,82,38,26,18,94,0.573,203,227,-24
2012,LAK,82,40,27,15,95,0.579,194,179,15
2012,MIN,82,35,36,11,81,0.494,177,226,-49
2012,MTL,82,31,35,16,78,0.476,212,226,-14
2012,NJD,82,48,28,6,102,0.622,228,209,19
2012,NYI,82,34,37,11,79,0.482,203,255,-52
2012,NYR,82,51,24,7,109,0.665,226,187,39
2012,OTT,82,41,31,10,92,0.561,249,240,9
2012,PHI,82,47,26,9,103,0.628,264,232,32
2012,PHX,82,42,27,13,97,0.591,216,204,12
2012,PIT,82,51,25,6,108,0.659,282,221,61
2012,SJS,82,43,29,10,96,0.585,228,210,18
2012,STL,82,49,22,11,109,0.665,210,165,45
2012,TBL,82,38,36,8,84,0.512,235,281,-46
2012,TOR,82,35,37,10,80,0.488,231,264,-33
2012,VAN,82,51,22,9,111,0.677,249,198,51
2012,WPG,82,37,35,10,84,0.512,225,246,-21
2012,WSH,82,42,32,8,92,0.561,222,230,-8
2013,BOS,48,28,14,6,62,0.646,131,109,22
2013,BUF,48,21,21,6,48,0.5,125,143,-18
2013,CAR,48,19,25,4,42,0.438,128,160,-32
2013,CBJ,48,24,17,7,55,0.573,120,119,1
2013,CHI,48,36,7,5,77,0.802,155,102,53
2013,COL,48,16,25,7,39,0.406,116,152,-36
2013,DAL,48,22,22,4,48,0.5,130,142,-12
2013,DET,48,24,16,8,56,0.583,124,115,9
2013,EDM,48,19,22,7,45,0.469,125,134,-9
2013,FLA,48,15,27,6,36,0.375,112,171,-59
2013,LAK,48,27,16,5,59,0.615,133,118,15
2013,MIN,48,26,19,3,55,0.573,122,127,-5
2013,MTL,48,29,14,5,63,0.656,149,126,23
2013,NJD,48,19,19,10,48,0.5,112,129,-17
2013,NYI,48,24,17,7,55,0.573,139,139,0
2013,NYR,48,26,18,4,56,0.583,130,112,18
2013,OTT,48,25,17,6,56,0.583,116,104,12
2013,PHI,48,23,22,3,49,0.51,133,141,-8
2013,PHX,48,21,18,9,51,0.531,125,131,-6
2013,PIT,48,36,12,0,72,0.75,165,119,46
2013,SJS,48,25,16,7,57,0.594,124,116,8
2013,STL,48,29,17,2,60,0.625,129,115,14
2013,TBL,48,18,26,4,40,0.417,148,150,-2
2013,TOR,48,26,17,5,57,0.594,145,133,12
2013,VAN,48,26,15,7,59,0.615,127,121,6
2013,WPG,48,24,21,3,51,0.531,128,144,-16
2013,WSH,48,27,18,3,57,0.594,149,130,19
2014,BOS,82,54,19,9,117,0.713,261,177,84
2014,BUF,82,21,51,10,52,0.317,157,248,-91
2014,CAR,82,36,35,11,83,0.506,207,230,-23
2014,CBJ,82,43,32,7,93,0.567,231,216,15
2014,CHI,82,46,21,15,107,0.652,267,220,47
2014,COL,82,52,22,8,112,0.683,250,220,30
2014,DAL,82,40,31,11,91,0.555,235,228,7
2014,DET,82,39,28,15,93,0.567,222,230,-8
2014,EDM,82,29,44,9,67,0.409,203,270,-67
2014,FLA,82,29,45,8,66,0.402,196,268,-72
2014,LAK,82,46,28,8,100,0.61,206,174,32
2014,MIN,82,43,27,12,98,0.598,207,206,1
2014,MTL,82,46,28,8,100,0.61,215,204,11
2014,NJD,82,35,29,18,88,0.537,197,208,-11
2014,NYI,82,34,37,11,79,0.482,225,267,-42
2014,NYR,82,45,31,6,96,0.585,218,193,25
2014,OTT,82,37,31,14,88,0.537,236,265,-29
2014,PHI,82,42,30,10,94,0.573,236,235,1
2014,PHX,82,37,30,15,89,0.543,216,231,-15
2014,PIT,82,51,24,7,109,0.665,249,207,42
2014,SJS,82,51,22,9,111,0.677,249,200,49
2014,STL,82,52,23,7,111,0.677,248,191,57
2014,TBL,82,46,27,9,101,0.616,240,215,25
2014,TOR,82,38,36,8,84,0.512,231,256,-25
2014,VAN,82,36,35,11,83,0.506,196,223,-27
2014,WPG,82,37,35,10,84,0.512,227,237,-10
2014,WSH,82,38,30,14,90,0.549,235,240,-5
2015,ARI,82,24,50,8,56,0.341,170,272,-102
2015,BOS,82,41,27,14,96,0.585,213,211,2
2015,BUF,82,23,51,8,54,0.329,161,274,-113
2015,CAR,82,30,41,11,71,0.433,188,226,-38
2015,CBJ,82,42,35,5,89,0.543,236,250,-14
2015,CHI,82,48,28,6,102,0.622,229,189,40
2015,COL,82,39,31,12,90,0.549,219,227,-8
2015,DAL,82,41,31,10,92,0.561,261,260,1
2015,DET,82,43,25,14,100,0.61,235,221,14
2015,EDM,82,24,44,14,62,0.378,198,283,-85
2015,FLA,82,38,29,15,91,0.555,206,223,-17
2015,LAK,82,40,27,15,95,0.579,220,205,15
2015,MIN,82,46,28,8,100,0.61,231,201,30
2015,MTL,82,50,22,10,110,0.671,221,189,32
2015,NJD,82,32,36,14,78,0.476,181,216,-35
2015,NYI,82,47,28,7,101,0.616,252,230,22
2015,NYR,82,53,22,7,113,0.689,252,192,60
2015,OTT,82,43,26,13,99,0.604,238,215,23
2015,PHI,82,33,31,18,84,0.512,215,234,-19
2015,PIT,82,43,27,12,98,0.598,221,210,11
2015,SJS,82,40,33,9,89,0.543,228,232,-4
2015,STL,82,51,24,7,109,0.665,248,201,47
2015,TBL,82,50,24,8,108,0.659,262,211,51
2015,TOR,82,30,44,8,68,0.415,211,262,-51
2015,VAN,82,48,29,5,101,0.616,242,222,20
2015,WPG,82,43,26,13,99,0.604,230,210,20
2015,WSH,82,45,26,11,101,0.616,242,203,39
2016,ARI,82,35,39,8,78,0.476,209,245,-36
2016,BOS,82,42,31,9,93,0.567,240,230,10
2016,BUF,82,35,36,11,81,0.494,201,222,-21
2016,CAR,82,35,31,16,86,0.524,198,226,-28
2016,CBJ,82,34,40,8,76,0.463,219,252,-33
2016,CHI,82,47,26,9,103,0.628,235,209,26
2016,COL,82,39,39,4,82,0.5,216,240,-24
2016,DAL,82,50,23,9,109,0.665,267,230,37
2016,DET,82,41,30,11,93,0.567,211,224,-13
2016,EDM,82,31,43,8,70,0.427,203,245,-42
2016,FLA,82,47,26,9,103,0.628,239,203,36
2016,LAK,82,48,28,6,102,0.622,225,195,30
2016,MIN,82,38,33,11,87,0.53,216,206,10
2016,MTL,82,38,38,6,82,0.5,221,236,-15
2016,NJD,82,38,36,8,84,0.512,184,208,-24
2016,NYI,82,45,27,10,100,0.61,232,216,16
2016,NYR,82,46,27,9,101,0.616,236,217,19
2016,OTT,82,38,35,9,85,0.518,236,247,-11
2016,PHI,82,41,27,14,96,0.585,214,218,-4
2016,PIT,82,48,26,8,104,0.634,245,203,42
2016,SJS,82,46,30,6,98,0.598,241,210,31
2016,STL,82,49,24,9,107,0.652,224,201,23
2016,TBL,82,46,31,5,97,0.591,227,201,26
2016,TOR,82,29,42,11,69,0.421,198,246,-48
2016,VAN,82,31,38,13,75,0.457,191,243,-52
2016,WPG,82,35,39,8,78,0.476,215,239,-24
2016,WSH,82,56,18,8,120,0.732,252,193,59
2017,ARI,82,30,42,10,70,0.427,197,260,-63
2017,BOS,82,44,31,7,95,0.579,234,212,22
2017,BUF,82,33,37,12,78,0.476,201,237,-36
2017,CAR,82,36,31,15,87,0.53,215,236,-21
2017,CBJ,82,50,24,8,108,0.659,249,195,54
2017,CHI,82,50,23,9,109,0.665,244,213,31
2017,COL,82,22,56,4,48,0.293,166,278,-112
2017,DAL,82,34,37,11,79,0.482,223,262,-39
2017,DET,82,33,36,13,79,0.482,207,244,-37
2017,EDM,82,47,26,9,103,0.628,247,212,35
2017,FLA,82,35,36,11,81,0.494,210,237,-27
2017,LAK,82,39,35,8,86,0.524,201,205,-4
2017,MIN,82,49,25,8,106,0.646,266,208,58
2017,MTL,82,47,26,9,103,0.628,226,200,26
2017,NJD,82,28,40,14,70,0.427,183,244,-61
2017,NYI,82,41,29,12,94,0.573,241,242,-1
2017,NYR,82,48,28,6,102,0.622,256,220,36
2017,OTT,82,44,28,10,98,0.598,212,214,-2
2017,PHI,82,39,33,10,88,0.537,219,236,-17
2017,PIT,82,50,21,11,111,0.677,282,234,48
2017,SJS,82,46,29,7,99,0.604,221,201,20
2017,STL,82,46,29,7,99,0.604,235,218,17
2017,TBL,82,42,30,10,94,0.573,234,227,7
2017,TOR,82,40,27,15,95,0.579,251,242,9
2017,VAN,82,30,43,9,69,0.421,182,243,-61
2017,WPG,82,40,35,7,87,0.53,249,256,-7
2017,WSH,82,55,19,8,118,0.72,263,182,81
2018,ARI,82,29,41,12,70,0.427,208,256,-48
2018,BOS,82,50,20,12,112,0.683,270,214,56
2018,BUF,82,25,45,12,62,0.378,199,280,-81
2018,CAR,82,36,35,11,83,0.506,228,256,-28
2018,CBJ,82,45,30,7,97,0.591,242,230,12
2018,CHI,82,33,39,10,76,0.463,229,256,-27
2018,COL,82,43,30,9,95,0.579,257,237,20
2018,DAL,82,42,32,8,92,0.561,235,225,10
2018,DET,82,30,39,13,73,0.445,217,255,-38
2018,EDM,82,36,40,6,78,0.476,234,263,-29
2018,FLA,82,44,30,8,96,0.585,248,246,2
2018,LAK,82,45,29,8,98,0.598,239,203,36
2018,MIN,82,45,26,11,101,0.616,253,232,21
2018,MTL,82,29,40,13,71,0.433,209,264,-55
2018,NJD,82,44,29,9,97,0.591,248,244,4
2018,NYI,82,35,37,10,80,0.488,264,296,-32
2018,NYR,82,34,39,9,77,0.47,231,268,-37
2018,OTT,82,28,43,11,67,0.409,221,291,-70
2018,PHI,82,42,26,14,98,0.598,251,243,8
2018,PIT,82,47,29,6,100,0.61,272,250,22
2018,SJS,82,45,27,10,100,0.61,252,229,23
2018,STL,82,44,32,6,94,0.573,226,222,4
2018,TBL,82,54,23,5,113,0.689,296,236,60
2018,TOR,82,49,26,7,105,0.64,277,232,45
2018,VAN,82,31,40,11,73,0.445,218,264,-46
2018,VGK,82,51,24,7,109,0.665,272,228,44
2018,WPG,82,52,20,10,114,0.695,277,218,59
2018,WSH,82,49,26,7,105,0.64,259,239,20
